,city,job_title,company_name,location,summary,salary,og_salary_period
0,new york,data scientist   big data   analytics,kpmg,new york  ny,kpmg is currently seeking a data scientist   big data   analytics  to join our advanced data   analytics organization    ,,
1,new york,senior data scientist,verizon,new york  ny,familiarity and experience with creating analytical data sets  in depth experience with exploratory big data discovery through the use of technologies such as   ,,
2,new york,applied machine learning scientist engineer   relevance   discoverability team,bloomberg,new york  ny,information and data move the financial markets  this data would be unmanageable without our help  bloomberg ingests more than 70 000 different news feeds    ,,
3,new york,junior data scientist,aig,new york  ny,we are looking for top notch strategic data scientists to join our team and be the creative force for the next wave of dramatic performance improvement and   ,,
5,new york,machine learning,twitter,new york  ny,cortex is a team of software engineers  data scientists  and research scientists dedicated to developing state of the art machine learning capabilities to   ,,
6,new york,applied research scientist  machine learning   nlp,spreemo,new york  ny,experience implementing data pipelines for etl  data cleaning  and data integration  about the role as an applied research scientist at spreemo  you will work   ,,
8,new york,quantitative analyst,ubs,new york  ny,does complex modeling excite you  are you an innovative thinker  we’re looking for someone like that who can: – build new mathematical and software models for,,
9,new york,sr data scientist,aetna,new york  ny,we are currently looking for an exceptional senior data scientist to join us in developing products to improve effectiveness of our pharmacy business    ,,
10,new york,data science adviser,propublica,new york  ny,propublica is seeking an experienced statistician or data scientist to advise us on our complex data journalism projects    ,,
11,new york,manager  data science  programmatic ,groupm,new york  ny,data and data analytics savvy  at least 3 5 years’ hands on  proven experience in a digital analyst or data scientist role    ,,
13,new york,senior data scientist manager,aetna,new york  ny,we are currently looking for an exceptional senior data scientist manager to play a pivotal role in the creation and deployment of information products    ,,
14,new york,principal data scientist,aetna,new york  ny,we are currently seeking a principal data scientist in our hartford  ct  aetna continues to build a world class data science organization to capture data    ,,
15,new york,simulation and modeling consultant,simul8 corporation,new york  ny,working with data scientists to stream information into simulation models and assist in visualizing data to derive useful insights and conclusions    ,,
16,new york,data analysis assistant,united nations,new york  ny,provides basic statistical analysis of the data  including data cleaning  ensures accuracy  clarity and validity  makes appropriate adjustments    ,,
17,new york,data scientists,fxcompared,new york  ny,we are looking for full time data scientists to be responsible for analysis and presentation of our data  normalizing various forms of data    ,,
18,new york,data manager,td ameritrade,jersey city  nj,develop custom data sets to support data scientists and advanced analytics using advanced tools  methods and data platforms    ,,
19,new york,data science analyst,aig,new york  ny,we are looking for talented  curious  and creative data scientists to join our growing team  data science is fundamentally changing the way we do business    ,,
20,new york,data acquisition strategy leader,bloomberg,new york  ny,previous collaboration with data scientists  bloomberg runs on data  in our global data business  we're responsible for supplying it – our content acquisition   ,,
21,new york,data engineer   core data,jw player,new york  ny,work with data scientists to process video data in ways that are meaningful for our publishers  the core data team is highly democratic    ,,
23,new york,senior analyst  quantitative customer insights,hellofresh,new york  ny,manipulate  transform  join  and clean data sets  experience performance advanced data management   statistical techniques using r  python  java  etc  preferred   ,,
25,chicago,data scientist intern,emerge media,chicago  il,we are looking for a data scientist to help secure our competitive advantage within the translation tech industry    ,,
26,chicago,statistical analyst,ttx company,chicago  il,experience with data management and data integration  i e  joining multiple tables from different sources    ,,
27,chicago,data scientist   sales analytics,invesco,downers grove  il,experience linking multiple data platforms  social media  open  etc  and with data visualization tools  e g   tableau     ,,
28,chicago,consumer research   data analyst,mintel,chicago  il,gathering market data through secondary research such as industry or government data  eg census data   analyzing quantitative data:    ,,
30,chicago,sr  data scientist,precima,chicago  il,data scientist will provide process execution leadership to support client projects  alliance data participates in e verify    ,,
31,chicago,statistical analyst,northwestern university,chicago  il,this includes database administration  data consolidation  data analysis and management reporting  critical thinking  business intelligence application design    ,,
32,chicago,data engineer,uptake,chicago  il,as a data engineer on the data science team  you’ll work with uptake’s data scientists to design and build uptake’s data infrastructure within data science    ,,
33,chicago,associate data scientist,ray allen,chicago  il,gathering requirements  data cleanup  forming etl processes  creating mockups  analyzing data  formulating kpis  and crafting new reports and dashboards    ,,
34,chicago,statistical process control analyst,osi group,chicago  il,position summary the process control analyst is responsible for improving and controlling the entire production process through research  development and,,
35,chicago,data research statistician,advito,chicago  il,look to qualitative data available to find explanations for unusual data patterns  data analysis •conduct data analysis and create reports  outlining findings    ,,
36,chicago,analyst 1  advertising research,comcast,chicago  il,and or syndicated data  scarborough  experian  polk  kantar  etc    identifies complex issues  conflicting data  client objections  industry trends  etc      ,,
37,chicago,research data analyst,northwestern university,chicago  il,completes data cleaning and organizes data files for analysis  extracts required data  designs and writes programs for data entry  data editing  data management   ,,
38,chicago,financial data engineer,charles schwab,chicago  il,the financial data engineer position combines the skills of a financial analyst and data scientist  strong familiarity with financial market data is required    ,,
39,chicago,data scientist,emerge media,chicago  il,we are looking for a data scientist to help secure our competitive advantage within the translation tech industry    ,,
40,chicago,watson health   data miner   truven,ibm,chicago  il,however  their work includes the entire process of data analysis  including the data cleansing  data preparation and visualization of results    ,,
41,chicago,scientist associate,exponent,chicago  il,providing case management  data processing  and other project support  conducting research to obtain and review technical data  scientific literature  and   ,,
42,chicago,statistician  master's level ,ann   robert h  lurie children’s hospital of chica   ,chicago  il,writes programs and scripts that convert customer requirements into data extracts  making use of epic clarity  epic cogito data warehouse  crystal reports  sql    ,,
44,chicago,data insights analyst  success journeys,salesforce,chicago  il,document requirements and translate business problems into questions that can be understood by data engineers and data scientists    ,,
46,chicago,sr dir  data sciences,conversant media,chicago  il,sr dir  data sciences  alliance data participates in e verify  epsilon is an alliance data company  conversant’s enormous data set  applying predictive   ,,
47,chicago,solution manager   city voices  mckinsey solutions,mckinsey   company,chicago  il,as one of the fastest growing parts of our firm  new ventures has more than 1 000 dedicated professionals  including more than 800 analysts and data scientists    ,,
48,chicago,sr dir  data sciences,epsilon,chicago  il,sr dir  data sciences  alliance data participates in e verify  epsilon is an alliance data company  conversant’s enormous data set  applying predictive   ,,
49,chicago,statistician,rush university medical center,chicago  il,examine data to track down potential data inconsistencies  write and run programs in sas and s plus to carry out statistical analyses of biomedical data   ,,
50,san francisco,data scientist  senior,progress,redwood city  ca,good experience with data preparation and data quality  knowledge of data visualization is a plus  work with the customer’s data science teams  train and   ,,
51,san francisco,data scientist   machine learning,sap,palo alto  ca,implement most recent algorithms and approaches for machine learning in collaboration with our data scientists and researchers    ,,
53,san francisco,machine learning,twitter,san francisco  ca,experience using big data platforms such as spark or hadoop  what you’ll do:    ,,
54,san francisco,quantitative analyst,whitemore james black,san francisco  ca,strong excel skills  including the ability to manipulate data  create macros  and develop tables is also required    ,,
55,san francisco,data science intern,lendup,san francisco  ca,work with and learn from a team of world class data scientists with degrees from harvard  stanford  tulane  carnegie mellon  and university of pennsylvania    ,,
56,san francisco,junior data scientist,radius,san francisco  ca,develop new methodologies for data validation  fluency extracting insights from sizable data sets  2  years experience using python for analyzing or processing   ,,
57,san francisco,research data analyst,university of california san francisco,san francisco  ca,the research data analyst works on research data reporting assignments that are of moderate diversity in scope    ,,
58,san francisco,sr data scientist,general electric,san francisco  ca,work with data engineers on data quality assessment  data cleansing and data analytics  as a sr data scientist  you will be part of a data science or cross   ,,
59,san francisco,data engineer,ultimate software,san francisco  ca,you want to collaborate with data scientists  ui ux designers  and product managers  our data infrastructure already supports 33 million highly dimensional   ,,
60,san francisco,junior data scientist  marketing,mckinsey   company,san francisco  ca,experience linking multiple data platforms  social media  open  etc  and with data visualization tools  e g   tableau     ,,
61,san francisco,data science co op  san francisco ,ancestry,san francisco  ca,drive the collection of new data and the refinement of existing data sources  work closely with a product engineering team and data scientists to identify and   ,,
62,san francisco,data analyst  growth,square,san francisco  ca,modeling the data layer used by data scientists  analysts  business users  creating curated data sets for ease of reporting    ,,
63,san francisco,data scientist,intuit,mountain view  ca,working closely with subject matter experts  smes  to develop workforce data vision and strategy  data architecture  data governance  data exploitation  and   ,,
64,san francisco,statistical programmer  modeling and simulation analyst   clinical pharmacology,genentech,south san francisco  ca,experience in generating analysis datasets  data pooling and graphical representation of clinical trial data    ,,
65,san francisco,analyst   data management,futureadvisor,san francisco  ca,data architect  data center  data integration  data integrity  data manager  data scientist  data warehouse  etl  erp  mongo database administrator    ,,
66,san francisco,manager  data science,nuna,san francisco  ca,manage teams of data scientists and analysts to achieve data science goals  nuna data science  3 years of experience recruiting and leading data scientists and   ,,
67,san francisco,sr  consultant   sr  data scientist,capgemini,south san francisco  ca, includes data modeler  data miner    you are responsible for data related activities such as data extraction  profiling  cleansing  de duplication    ,,
68,san francisco,sr  data scientist,vungle,san francisco  ca,data science at vungle:  researching and developing new future data product  if you’re a hardcore data scientist with a love for machine learning and the   ,,
69,san francisco,machine learning data engineer,capital one,san francisco  ca,machine learning data engineer  at capital one  we have seas of big data and rivers of fast data  as machine learning engineer on the data intelligence team    ,,
71,san francisco,quantitative user researcher,twitter,san francisco  ca,collaborate closely with qualitative researchers and data scientists  experience working with large scale data sets  logs analysis  surveys  experimental design   ,,
72,san francisco,watson machine learning engineer  software engineer ,ibm,san francisco  ca,the convergence of data and technology is transforming industries  society and even the workplace  the focus is to study and design novel approaches for   ,,
73,san francisco,scientist,exponent,menlo park  ca,exponent's statistical   data sciences practice is currently seeking scientists for our menlo park  ca office    ,,
74,san francisco,data analyst,raag solutions  llc,san francisco  ca,the person needs to be able to pull data from org62  join it with data from the warehouse  analyze it  interview business partners to collect requirements    ,,
75,austin,statistical programmer,researchpoint global,austin  tx,assist data mgmt department with the annotation of case report forms and by performing data entry  support the data management department with tasks including   ,,
76,austin,data scientist,indeed,austin  tx,as a data scientist at indeed your role is to follow the data  can fish for data:  have full stack experience in data collection  aggregation  analysis    ,,
77,austin,data scientist,predictive science,austin,this is a freelance data scientist position who will work with other senior data scientists to consult with executives and data scientists who are a part of the   ,,
78,austin,ultimate hoops statistician,life time fitness,austin  tx,experience tracking statistical data for basketball games  life time is currently seeking a qualified ultimate hoops statistician    ,,
79,austin,scientist iii  bioinformatics,thermo fisher scientific,austin  tx,develop new plug in software modules for analysis of rnaseq data on internal platforms that analyze sequencing data  collect results  and prepare html reports    ,,
80,austin,python instructor  contract ,hello world tech studio,austin  tx,this role is for enthusiastic data scientist and engineers fluent in python that are passionate about teaching 3rd 12th grade students web development    ,,
81,austin,data scientist   business intelligence  sr advisor,dell,round rock  tx,business intelligence or data scientist:  as a senior hadoop data engineer helping with business intelligence and data science projects  you will be responsible   ,,
82,austin,scientist,exponent,austin  tx,providing case management  data processing  writing  and other project support  exponent’s human factors practice is seeking a scientist for our austin  tx   ,,
83,austin,data growth summer intern,upswing,austin  tx,professor stats   working with our data scientist to gather data from the upswing platform and student surveys    ,,
84,austin,data specialist,global animal partnership,austin  tx,global animal partnership data specialist   gap brings together farmers  scientists  ranchers  retailers and animal advocates – a diverse group with the common   ,,
85,austin,data analytic manager,eclerx llc,austin  tx,experience in sas and or r is a definite plus understanding of data manipulation technologies and data platforms  based on either prepackaged etl tools or   ,,
87,austin,senior economist,homeaway,austin  tx,the position requires both building economic models and frameworks  and estimating the core parameters of the model  working in tandem with data scientists and   ,,
88,austin,senior principal software engineer  big data ,the advisory board company,austin  tx,demonstrated understanding of master data management principles  data architecture  data modeling  data governance  and data security    ,,
89,austin,vp of science and operations,genohub,austin  tx,thousands of scientists use our online platform to reliably conduct projects with external labs  high level of familiarity with latest ngs technologies    ,,
90,austin,data architect – london based,zilliant,austin  tx,the successful candidate should be knowledgeable about data modeling  data analysis techniques and data quality  and possess good interpersonal and   ,,
91,austin,research scientist,pearson,austin  tx,  works closely with other research scientists  data analysts  subject\ matter experts  and or clients customers in the construction of test forms and the   ,,
94,austin,database analyst,logic planet it services,austin  tx,data visualization skills  preferably in tableau  refreshing  reporting  visualizing  and improving the processes of various analytics tools created by the   ,,
95,austin,market research analyst,forcepoint,austin  tx,leverage data to inform meaningful insights that drive strategic recommendations and motivate action  forcepoint is seeking a market research analyst to join   ,,
96,austin,lead data science immersive instructor,general assembly,austin  tx,we are looking for a data scientist to teach our brand new full time class:  you are eager to shape the skills  minds  and trajectories of the newest generation   ,,
97,austin,scientist ii  research,asuragen,austin  tx,provides high level data analysis and communicates these results to others  scientists contribute to project based teams within asuragen research to develop and   ,,
98,austin,data scientist   developer,samsung austin semiconductor  llc,austin  tx,data scientist who will perform duties such as:  prepare new data sources for machine learning   implement learnings from the data    ,,
99,seattle,data scientist  on w2 ,tech mahindra,bellevue  wa,data mining  web mining  machine learning  statistics  business intelligence customer intelligence  user modelling  information retrieval  databases  data   ,,
100,seattle,data scientist,kpmg,seattle  wa,retrieve  process and prepare a rich data variety of data sources such as social media  news  internal external documents  emails  financial data  and   ,,
101,seattle,data scientist  natural language processing,kpmg,seattle  wa,kpmg is currently seeking a data scientist to join our advanced data analytics team  experience with command line scripting  data structures and algorithms and   ,,
102,seattle,machine learning scientist,context relevant,seattle  wa,big data munger:  at context relevant  cr   machine learning scientists develop our core data science platform  building a product that robustly delivers the   ,,
103,seattle,data analysis developer,csi interfusion inc,redmond  wa,data analysis developer  experience in data analysis cleaning  scripting sql queries programming    3 5 years of software development experience in data   ,,
104,seattle,machine learning hacker,utrip inc ,seattle  wa,build needed data transformations on structured and unstructured data  you’ll help in shaping our data roadmap and leading our existing data science effort    ,,
105,seattle,scientist i,allen institute,seattle  wa,analyze gene expression data and identify candidate genes for tool development  we are seeking a scientist to be an essential member of the institute’s   ,,
106,seattle,ecosystems services analyst,university of washington,seattle  wa,experience with data management  gis and basic statistics  some data management experience and proficiency with a gis is required    ,,
107,seattle,research scientist,seattle children's hospital,seattle  wa,makes detailed observations  records data and presents results  there is one opening for a scientist i iii level    ,,
108,seattle,research scientist  arge scale machine learning,intellipro group inc ,seattle  wa,Ø be self driven  and show ability to deliver on ambiguous projects with incomplete data  Ø show strong passion for   understand the need to deliver right   ,,
109,seattle,research scientist  large scale machine learning,intellipro group inc ,seattle  wa,be self driven  and show ability to deliver on ambiguous projects with incomplete data  large scale machine learning for data analysis plays a critical role in   ,,
110,seattle,principal data scientist,microsoft,redmond  wa,our team is now looking for a talented principle data scientist to lead the development of end to end advanced data analytics and ai solutions using cloud  data   ,,
111,seattle,applied scientist iii,amazon corporate llc,seattle  wa,we have the richest  most diverse data of any internet company  besides theoretical analysis and innovation  our scientists also work closely with software   ,,
113,seattle,data scientist,predictive science,seattle,this is a freelance data scientist position who will work with other senior data scientists to consult with executives and data scientists who are a part of the   ,,
114,seattle,data analyst scharp  clinical data,fred hutchinson cancer research center,seattle  wa,design  develop  and maintain data mappings  data rules  and data transformations to populate data warehouse with source data    ,,
115,seattle,machine learning and data mining,vinformax systems inc,redmond  wa,3  years on machine learning  r  nlp techniques  aml  data mining  exp    ,,
116,seattle,data analyst,wunderman,seattle  wa,headquartered in new york  the agency brings together 7 000 creatives  data scientists  strategists and technologists in 175 offices in 60 markets    ,,
117,seattle,scientist i,nanostring technologies,seattle  wa,perform experiments and analyze data with limited supervision  experience with analysis of genomic scale data and or statistical sw packages preferred    ,,
118,seattle,applied scientist 2,microsoft,bellevue  wa,data mining and analytics  we are looking for a senior applied scientist or senior machine learning scientist to incubate technologies from end to end to make   ,,
119,seattle,research scientist  machine learning   signal processing,oculus vr,redmond  wa,4  years experience manipulating and analyzing complex  high volume  high dimensionality data from varying sources    ,,
120,seattle,data analytics instructor,level education from northeastern university,seattle  wa,data analyst  data scientist  management consultant  financial analyst  and some instruction experience  data pre processing and cleaning  exploratory data   ,,
121,seattle,computer vision research scientist  phd university grad,facebook,redmond  wa,experience with statistical analysis of data and mathematical modeling  oculus is a world leader in the design of virtual reality systems    ,,
122,seattle,senior data analyst,pop,seattle  wa,work with business stakeholders and other data scientists to understand raw data sources  transformations that are needed  and desired outcomes    ,,
123,seattle,research scientist  machine learning   signal processing,facebook,redmond  wa,perform research that enables learning the semantics of data  audio  images  video  text  and other modalities     ,,
124,los angeles,data scientist,predictive science,los angeles,this is a freelance data scientist position who will work with other senior data scientists to consult with executives and data scientists who are a part of the   ,,
125,los angeles,staff data scientist of innovation,intuit,woodland hills  ca,intuit is looking for an innovative and hands on staff data scientist of innovation within the global risk management group    ,,
126,los angeles,data analysis   visualization specialist,pacific life,newport beach  ca,leverage rsd business and data knowledge to address business requests  explore value delivery through data analysis    ,,
127,los angeles,associate data scientist,omaze,los angeles  ca,our data scientists have some of the most fun in the building  omaze's data science team is looking for an outstanding associate data scientist to help us build   ,,
128,los angeles,senior data analyst  content analytics,netflix,los angeles  ca,work with finance experts  data scientists and data engineers in the content org to develop metrics and analytical approaches which capture the nuances of   ,,
129,los angeles,sr  data scientist,warner bros  entertainment group,burbank  ca,we are looking for a talented senior data scientist to join our data intelligence team  the senior data scientist will be responsible for predictive modeling   ,,
130,los angeles,deep learning scientist,oben,pasadena  ca,deep learning scientist  as a member of the deep learning team  you will design and develop deep learning algorithms for image recognition retrieval detection   ,,
131,los angeles,data science   marketplace optimization   forecast,honk,los angeles  ca,a proven data scientist or engineer with hands on practical experience  we are looking for a data scientist with an insatiable curiosity for the evolving way   ,,
132,los angeles,data quality analyst,convergys,anaheim  ca,our multidisciplinary team of scientists  engineers  physicians  and regulatory consultants brings together more than 90 different disciplines to solve   ,,
133,los angeles,data engineer with fun company,recruiting for good,los angeles  ca,in this role  you will partner with product owners  data scientists  solutions engineers  and business analysts to facilitate the development  automation  and   ,,
134,los angeles,machine learning scientist   speech and natural language,disney consumer products  disney interactive,glendale  ca,strong grasp of machine learning and data analytics techniques  1  years of hands on experience in machine learning  recommendation systems  pattern recognition   ,,
135,los angeles,data strategy analyst,neustar  inc ,los angeles  ca,data strategy analyst  communicating with client data owners and media agency partners to understand data and identify data attributes critical to our modeling   ,,
136,los angeles,data engineer   machine learning,disney consumer products,glendale  ca,monitor and validate the daily data platform performance and data quality  develop data pipeline and engine to support application engineers to use data to   ,,
139,los angeles,machine learning developer,luxoft,los angeles  ca,axioma adapter – ‘in house’ solution allowing reference data to be loaded into portfolio optimizer  choose and incorporate appropriate data mining and analysis   ,,
140,los angeles,research analyst,the camstoll group llc,los angeles  ca,utilizing proprietary open source research methods  network analysis  and data analytics  we generate insights into today's most complex policy  regulatory or   ,,
141,los angeles,data engineer,luxoft,los angeles  ca,collaborate with our data scientists to map data fields to hypotheses and curate  wrangle  and prepare data for use in their advanced analytical models    ,,
142,los angeles,manager  statistical consulting   data science,warner bros  entertainment group,burbank  ca,data intelligence department  we are looking for a talented data scientist to lead the statistical consulting function at wb    ,,
143,los angeles,technical data analyst,riot games,los angeles  ca,collaborate with analysts and data scientists as a front line contact for big data to help them extract even more value from data  and to help the engineers set   ,,
144,los angeles,machine learning scientist with audio dsp background,oben,pasadena  ca,define data needs  evaluate data quality  perform and critique appropriate statistical analyses using software such as r  python  sas  matlab  and or splus    ,,
145,los angeles,part time data science instructor,general assembly,santa monica  ca,data visualization techniques  data science instructor overview  manipulation of large data sets  you are eager to shape the skills  minds  and trajectories of   ,,
146,los angeles,data engineer,retention science,santa monica  ca,we are looking for passionate data engineers to scale out our platform and collaborate with data scientists to implement and improve our machine learning models   ,,
147,los angeles,postdoctoral scientist,cedars sinai,los angeles  ca,will present data at weekly meetings and prepare data for publication  analyzes and interprets data  analyzes  interprets  summarizes and compiles data    ,,
148,philadelphia,senior analyst quantitative analytics,lincoln financial,philadelphia  pa,alternate locations: philadelphia  pa  pennsylvania  relocation assistance will be considered provided for this opportunity within our company guidelines ,,
149,philadelphia,data engineer scientist,rs energy group,plymouth meeting  pa,integrated with cloud based external data sources  and api’s to discover interesting data trends  working alongside data scientists to productionalize advanced   ,,
150,philadelphia,data scientist,predictive science,philadelphia,this is a freelance data scientist position who will work with other senior data scientists to consult with executives and data scientists who are a part of the   ,,
151,philadelphia,data scientist   developer   analytics center of excellence,quintilesims,philadelphia  pa,data scientist developer – the role  as a data science software developer  this is a unique opportunity to build unparalleled in depth knowledge within our   ,,
152,philadelphia,predictive modeling analyst,vencore,king of prussia  pa,experience in utilizing cots products to analyze data and generate results  e g  analyzes data and conducts advanced statical analysis and applies mathematical   ,,
153,philadelphia,research data analyst,lexisnexis,philadelphia  pa,the research data analyst  provide services in support of literature surveillance with an emphasis on data migration that may include audit  scope development    ,,
154,philadelphia,qc analytical sciences scientist,spark therapeutics  inc ,philadelphia  pa,trend and report method and critical reagents performance data  provide support to qc investigations through experimental design  data mining and analysis    ,,
155,philadelphia,machine learning specialist,ims health,plymouth meeting  pa,experience using big data technology  apply machine learning  data mining technologies in developing innovative solutions in pharmaceutical industry    ,,
156,philadelphia,principal scientist   modeling and data sciences job,merck,gwynedd  pa,principal scientist   modeling and data sciences out000415  scientist  outcomes research  maintain awareness of external data  models and it environment to   ,,
157,philadelphia,statistical analyst a,university of pennsylvania,philadelphia  pa,data management experience is preferred  familiarity with fda data submissions would be preferred  familiarity with fda data submissions would be a plus    ,,
158,philadelphia,sr  data scientist,pra health sciences,blue bell  pa,experience leading teams of data scientists  developers  or analysts  data scientist is responsible for aggregating and analyzing data to create actionable   ,,
159,philadelphia,research data analyst,children's hospital of philadelphia,philadelphia  pa,attentive to detail and data accuracy  analyze and abstract data with 100  accuracy  enter abstracted data into database with 100  accuracy    ,,
160,philadelphia,lead data scientist,comcast,philadelphia  pa,5  years working within an enterprise data warehouse environment or big data architecture  lead large scale projects that utilize online   offline data    ,,
161,philadelphia,junior statistician,c3i  inc ,upper gwynedd  pa,identify data sources and gather data  ability to design data collection plans  this junior statistician will be part of an investment analytics decision   ,,
162,philadelphia,data scientist,amerihealth caritas,philadelphia  pa,defines problems  collects data  applies advanced economic and mathematical concepts  establishes facts and draws valid conclusions    ,,
163,philadelphia,safety data associate   ubc,express scripts,blue bell  pa,interact with the safety data managers safety scientists  performs data entry functions and other data functions for the safety department    ,,
164,philadelphia,safety data associate,express scripts,blue bell  pa,performs data entry functions and other data functions for the safety department  support the safety managers safety scientists    ,,
165,philadelphia,statistician,quintilesims,plymouth meeting  pa,role purpose: under guidance  provides support in applying statistical methodologies to assigned research projects  principal accountabilities: provides,,
166,philadelphia,data science and machine learning for drug discovery,gsk,collegeville  pa,specifically  we are seeking a computational  modelling or informatics scientist with knowledge of active learning  multi parameter optimization    ,,
167,philadelphia,analyst 1  advertising research,comcast,west conshohocken  pa,and or syndicated data  scarborough  experian  polk  kantar  etc    identifies complex issues  conflicting data  client objections  industry trends  etc      ,,
168,philadelphia,statistical programmer,quintilesims,plymouth meeting  pa,extensive knowledge and experience in prescription data  emr data  managed care data  plan   payer data   medical claim data  patient longitudinal data    ,,
169,philadelphia,neurology sleep lab tech,convergys,philadelphia  pa,basic computer competence using windows and data entry skills  our research analysts are trained social scientists with post graduate degrees  extensive   ,,
170,philadelphia,analytical scientist – pas,eurofins,malvern  pa,peer review of analytical data  scientist responsibilities include  but are not limited to  the following :    ,,
171,philadelphia,principal  data scientist   digital,comcast,philadelphia  pa,as member of the data science team  you will leverage internal and external data to develop and deploy predictive models which enable the organization to make   ,,
172,atlanta,statistician,ihrc  inc ,atlanta  ga,experience working within public health data sets and data environments  develop documentation for releasing data to the general public that includes background   ,,
173,atlanta,data scientist  experience insights ,home depot,atlanta  ga,strong communication and data presentation skills  the data scientist will develop the analytical infrastructure and computational capabilities that drive   ,,
174,atlanta,market research analyst,cox media group,atlanta  ga,data extraction and manipulation  run data queries in access  create and proof cross tabulation data tables in a timely manner    ,,
175,atlanta,ultimate hoops statistician,life time fitness,atlanta  ga,experience tracking statistical data for basketball games  life time is currently seeking a qualified ultimate hoops statistician    ,,
176,atlanta,sr  statistical quantitative analyst,suntrust,atlanta  ga,sr  statistical quantitative analyst w437805 description this model development analyst is responsible for development and analysis of quantitative models,,
177,atlanta,data management and analysis fellowship   cdc,oak ridge associated universities,atlanta  ga,this fellowship will focus on conducting data analysis  project management of data processes and assisting with dissemination of nhbs data    ,,
178,atlanta,junior data scientist  internship ,stanley black   decker,atlanta  ga,as a junior data scientist at stanley black   decker  you will work with the data scientist team to learn how to analyze data through cleaning  visualizing and   ,,
179,atlanta,principal data architect   cloud architecture team,turner,atlanta  ga,strong understanding of algorithms  big data framework  and data structures  5  years of data engineering  data science or software engineering experience    ,,
180,atlanta,data analyst  predictive modeling,target marketeam,atlanta  ga,the data analyst will work with client data to create implement statistical predictive prescriptive  manage manipulate large data sets efficiently while keeping   ,,
181,atlanta,solution analyst i   it  data science,cocacola,atlanta  ga,provide data expertise and technical support to data scientists and overall analyst community  work closely with data scientists and engineers to design and   ,,
182,atlanta,analyst 1  advertising research,comcast,atlanta  ga,and or syndicated data  scarborough  experian  polk  kantar  etc    identifies complex issues  conflicting data  client objections  industry trends  etc      ,,
183,atlanta,research scientist i  pva   35586 ,georgia tech,atlanta  ga,process data requests  operate data repositories  consult with researchers on data needs  educated on and conversant in data management  data driven research    ,,
184,atlanta,data analyst supply chain,home depot,atlanta  ga,operates under the supervision and mentorship of more experienced managers and data scientists  20  leverages data analytics tools to create new dashboards    ,,
185,atlanta,senior data analyst – trending   analysis system administrator,piedmont healthcare,atlanta  ga,knowledge of claims  data management  and it terminology preferred  overall responsibility for the management  validation  and complex analysis of data stored   ,,
186,atlanta,research development scientist  rf electronics,ngimat co ,atlanta  ga,_ the rf electronics research scientist will manage research development programs and win new business  the scientist will work closely with members in all areas of the company    ,,
187,atlanta,scientist iii   research development,cocacola,atlanta  ga,scientist and internal partners to ideate  define  and develop beverages for global markets  record data from analyses or experiments in a computer  log book or   ,,
188,atlanta,statistician,assurant,atlanta  ga,manages data and data requests to improve the accuracy of our data and decisions made from data analysis  passionate about data analytics    ,,
189,atlanta,analytics engineer,riskonnect inc ,kennesaw  ga,proficiency with magic etl  mysql  data connectors  data transformations  dataflows  join syntax  aggregation methods and data types    ,,
190,atlanta,data science instructor associate,general assembly,atlanta  ga,you are eager to shape the skills  minds  and careers of the newest generation of data scientists  we also cover all sorts of other things that junior data   ,,
191,atlanta,implementation analyst,turner,atlanta  ga,although this is not a technical position  this role will have frequent interaction with data scientists  development and engineering teams    ,,
192,atlanta,data link systems engineer   elsys   1354,georgia tech research institute,atlanta  ga,serve as the technical expert on military tactical data links  associated radios  and systems' uses of those data links for sponsors and associated projects    ,,
193,atlanta,research scientist,solvay,alpharetta  ga,experience with analytical chemistry  physical chemistry  statistical experimental design and treatment of data    ,,
194,atlanta,computer statistical assistant,customer value partners,atlanta  ga,perform data entry  coding  and transcription  provide routine analysis and interpretation of data  experience with routine analysis and interpretation of data    ,,
195,atlanta,research scientist   orthopaedics,children's healthcare of atlanta,atlanta  ga,collects  analyzes  and interprets data  designs  performs  and or oversees experiments and data collection to ensure data integrity  quality control  and   ,,
196,dallas,professional data scientist   big data,at t,plano  tx,perform data studies and data discovery around new data sources or new uses for existing data sources  the data scientist will be responsible for designing and   ,,
197,dallas,sr  scientist i,alcon labs,fort worth  tx,analyzes data from multiple  complex studies to derive a decision on functional deliverable  designs  plans  performs and interprets scientific experiments  or   ,,
198,dallas,lab scientist    research development,nutribiotech usa  inc ,garland  tx,evaluate stability 1 and 2 reports when data is outside of the tentative specifications and make suggestions   comments on the product’s ability to launch    ,,
199,dallas,applied statistical learning scientist,spectral md  inc ,dallas  tx,stratification of study data based on clinical variables  analyze clinical study data to identify factors that influence diagnostic device effectiveness    ,,
200,dallas,sr data scientist,fastconnect,dallas  tx,the data scientist uses scientific  analytical approaches to explore and visualize available data  identifies gaps and needs for additional data  builds   ,,
201,dallas,vp  head of data  analytics   machine learning,blucora,irving  tx,build customer centric revenue generating data products using internal and external data  form external data partnerships to collect third party data  append it   ,,
202,dallas,natural language processing scientist,pieces technologies,dallas  tx,designs novel algorithms for problem solving  which may include data cleaning  feature selection  statistical modeling  data clustering and classification  text   ,,
203,dallas,sr  data scientist  predictive analytics,abbott laboratories,irving  tx,trains lower level scientists  evaluates data using analytical methodologies to achieve results  main responsibilities designs and conducts experiments    ,,
205,dallas,global operations data science associate analyst,pepsico,plano  tx,the data scientist will be part of global logistics analytics team who is tasked with building advance analytics capabilities to identify and deliver   ,,
206,dallas,vp  head of data  analytics   machine learning,infospace  inc ,irving  tx,build customer centric revenue generating data products using internal and external data  form external data partnerships to collect third party data  append it   ,,
207,dallas,fair lending statistician,happy state bank,addison  tx,apply statistical techniques to streamline data collection from multiple datasets and data validation procedures    ,,
208,dallas,ultimate hoops statistician,life time fitness,plano  tx,experience tracking statistical data for basketball games  life time is currently seeking a qualified ultimate hoops statistician    ,,
209,dallas,quantitative analyst   data scientist,data one global,plano  tx,job description for data one quantitative analyst   data scientist:  about data one global   experience with processing and coding real time data    ,,
210,dallas,professional big data software eng   big data,at t,plano  tx,interacts with data scientists and industry experts to understand how data needs to be converted  loaded and presented    ,,
211,dallas,healthcare data analyst   dallas or houston,quality health strategies,dallas  tx,reports are drafted by teams with leadership of data scientists  data analyst iv:  our data analysts perform study design  data analysis  and report preparation   ,,
212,dallas,big data   machine learning developer,techpeople,dallas  tx,deployment ¿ microservices  opensource  big data  spark  data characteristics and catalog management platform skills  ontologies  erd  repos     ,,
213,dallas,director  machine learning,capital one,plano  tx,at least 3 years’ experience with data management technologies  big  undefined problems and petabytes of data don't frighten you    ,,
214,dallas,director of analytics,wunderman,dallas  tx,headquartered in new york  the agency brings together 7 000 creatives  data scientists  strategists and technologists in 175 offices in 60 markets    ,,
215,dallas,data analyst,american heart association,dallas  tx,  steward the data by troubleshooting data quality  data analyst   science operations  the data analyst is responsible for providing and conducting analytics on   ,,
216,dallas,senior research analyst,allan bailey group  llc,dallas  tx,analyze data using statistical software  gather data about consumers  competitors  and market conditions    ,,
217,dallas,professional big data software eng   big data,at t,plano  tx,interacts with data scientists  data programming languages and technology  writes code  completes  computing tasks using big data technologies such as hadoop    ,,
218,dallas,big data platform architect,verizon,irving  tx,experience working with data  data warehousing   bi  knowledge of aws data stack using s3  emr  data pipeline    ,,
219,dallas,data scientist sr  advisor  dallas area ,dell,dallas  tx,our junior data scientist will assist the people insights core teams in converting dell technologies hr data into critical information that can be used to make   ,,
220,dallas,visiting research scientist,baylor scott   white health,dallas  tx,the visiting scientist position is supervised  records the design and data obtained from the  intended to develop young scientists into independent   ,,
221,pittsburgh,research statistician,aetna,pittsburgh  pa,aetna continues to build a world class data science organization to capture data  understand context  generate insights and react in real time    ,,
223,pittsburgh,machine learning lead manager   direct client requirement full time ,accion labs,pittsburgh  pa,we are looking for a machine learning expert who loves working with sensor data  developing new algorithms  is not afraid to challenge him herself with open   ,,
224,pittsburgh,statistician,upmc,pittsburgh  pa,write new programs for data analysis and conduct new data analysis as needed  participate in the preparation of manuscripts and research reports and   ,,
225,pittsburgh,machine learning,argo ai,pittsburgh  pa,we are looking for highly motivated  technically deep engineers and applied scientists to join our team and help us realize this vision    ,,
226,pittsburgh,data analyst,direct online marketing,pittsburgh  pa,5  years experience in data analytics  the data analyst will work with various teams in our office to help interpret data for us to provide better results for   ,,
227,pittsburgh,machine learning specialist,uber,pittsburgh  pa,at the atg  we are ambitious  engaged and excited about transforming the way the world moves  with locations in san francisco and pittsburgh  the advanced,,
228,pittsburgh,machine learning research scientist   2004504,software engineering institute,pittsburgh  pa,engineering efficient data intake  processing  and reporting streams for a variety of intelligence related data    ,,
229,pittsburgh,statistical genetics analyst,the university of pittsburgh,pittsburgh  pa,gwas   snp panel  and sequence  data  at least five years’ experience in a research setting with statistical genetic analyses and general biostatistical   ,,
230,pittsburgh,quantitative analytics   model development analyst sr,pnc bank,pittsburgh  pa,data gathering and reporting   working experience  analyzes complex data and associated quantitative analysis  makes recommendations based on findings from data   ,,
231,pittsburgh,research data analyst   oncology   west penn hospital,allegheny singer research institute,pittsburgh  pa,obtains source documentation to complete data forms  enters  maintains  and submits data in various research sponsor databases    ,,
232,pittsburgh,statistician hpl,upmc,pittsburgh  pa,work with data team to generate and organize constructs necessary for data analysis  investigate variances in data and derive solutions to quality issues    ,,
233,pittsburgh,research data analyst   neurosurgery,allegheny general hospital,pittsburgh  pa,obtains source documentation to complete data forms  enters  maintains  and submits data in various research sponsor databases    ,,
234,pittsburgh,senior associate scientist technical scouting,covestro,pittsburgh  pa,research in the fields of composites  sustainable chemistry  data science or data analytics  your tasks and responsibilities    ,,
235,pittsburgh,data scientist,predictive science,pittsburgh,this is a freelance data scientist position who will work with other senior data scientists to consult with executives and data scientists who are a part of the   ,,
236,pittsburgh,manager  machine learning,qeexo,pittsburgh  pa,data structures and algorithms  familiar   comfortable working in a terminal environment  writing scripts  bash python  to process data    ,,
237,pittsburgh,senior research scientist   2002838,software engineering institute,pittsburgh  pa,sei emerging technology center director < chief scientist research scientist  modern computing  data  and storage solutions  data processing architectures   ,,
238,pittsburgh,active learning for crowd machine collaboration intern,bosch group,pittsburgh  pa,the internship will be based at bosch's research and technology center in pittsburgh  and will work closely with bosch scientists  developers  and cmu   ,,
239,pittsburgh,3d character animation programmer  machine learning,carnegie mellon university,pittsburgh  pa,inmind project: 3d character animation programmer we seek a research programmer to join a major research effort to develop integrated intelligent software,,
240,pittsburgh,computer vision,argo ai,pittsburgh  pa,we are looking for highly motivated  technically deep engineers and applied scientists to join our team and help us realize this vision    ,,
241,pittsburgh,research scientist  mechanical engineering  meche ,carnegie mellon university,pittsburgh  pa,research scientist  mechanical engineering  meche   data mining machine learning  optimization  and programming required    ,,
242,pittsburgh,research intern: machine learning  user thermal comfort models,bosch group,pittsburgh  pa,practical experience in using matlab  r  scikit  and or other data analytics toolkits  analyze sensor data time series to characterize environmental conditions    ,,
243,pittsburgh,research programmer  machine learning,carnegie mellon university,pittsburgh  pa,we seek a machine learning research programmer to join a major research effort to develop integrated intelligent software assistants operating on mobile,,
244,pittsburgh,research scientist   engineer  phd,duolingo,pittsburgh  pa,analyze data using billions of duolingo student activity logs  experience with sql and working with data warehouses    ,,
245,portland,data scientist,predictive science,portland,this is a freelance data scientist position who will work with other senior data scientists to consult with executives and data scientists who are a part of the   ,,
247,portland,physical scientist   biologist,wilson construction,canby  or,interpret and analyze data and prepare reports  wilson construction company has an immediate opening in the environmental department at our headquarter office   ,,
248,portland,data scientist intern,intel,hillsboro  or,dcg e g's business insight   strategy team is looking for a data scientist intern who will use predictive modeling  data mining  and other analytic techniques   ,,
250,portland,data production   analysis i,kaiser permanente,portland  or,the data analyst is responsible for supporting the business community needs for data collection  analysis  and reporting from a variety of sources including   ,,
251,portland,market research  sr  analyst,nike inc,portland  or,you will support development and refinement of secondary syndicated sources of market size share data for asia and emerging market countries including   ,,
253,portland,materials researcher ii,nike inc,portland  or,for these reasons exceptional presentation and data analysis skills are essential  the polymers research development team has an opening for a material scientist or engineer to   ,,
256,portland,statistician   research,portland va research foundation,portland  or,extensive experience using sas or other statistical software to analyze data from large clinical or administrative datasets  such as hospital and patient record   ,,
257,portland,senior analyst  load research  r17 196 ,portland general electric,portland  or,maintain large databases and data sets  manipulate  transform and cleanse large data sets  produce customer load profiles from hourly and higher frequency  e g    ,,
258,portland,professional wetland scientist,hart crowser  inc ,portland  or,professional wetland scientist  pws  license  write technical reports  collect data  and conduct survey field work    ,,
259,portland,corporate research analyst,discoverorg,vancouver  wa,verify entered data by reviewing  deleting  or modifying data  prepare source data for entry by compiling and organizing data and researching incomplete or   ,,
260,portland,principal data architect,familycare health,portland  or,architects the data pipeline  the principal data architect will create the conceptual design of database infrastructure  data marts  data warehouse data lake    ,,
261,portland,hpc research scientist    runtimes and automatic performance tuning,intel,hillsboro  or,the data center is the underpinning for every data driven service  from artificial intelligence to 5g to high performance computing  and dcg delivers the   ,,
262,portland,biostatistician 4,providence health   services,portland  or,make recommendations regarding research  data gathering  and analyses to decrease bias and data errors  draw conclusions from complex research data    ,,
263,portland,analyst  energy services   statistical and economic analysis group,the cadmus group  inc ,portland  or,clean and analyze complex data sets  collect weather data  merge data from various sources  you will participate in developing exciting new solutions to analyze   ,,
264,portland,consulting research associate  analyst or senior,cambia health,portland  or,knowledge of health plan operations  data sources  data structures  expert level in using analytical   statistical programming tools and querying complex data   ,,
265,portland,statistician,intel,hillsboro  or,ability to work effectively with others  provide team leadership in data analysis and interpretation  activities include consulting with managers  engineers    ,,
267,portland,2017 research scientist,intel,hillsboro  or,this includes the security of personal and enterprise data in emerging cloud computing paradigms  including technologies such as openstack  as well as the   ,,
268,portland,statistical analyst,intel,hillsboro  or,experience with sql and data mining skills  in this role you will be responsible for applying your expertise in quantitative analysis  data mining  and the   ,,
269,phoenix,data scientist,predictive science,phoenix,this is a freelance data scientist position who will work with other senior data scientists to consult with executives and data scientists who are a part of the   ,,
270,phoenix,sr  engineer   machine learning,experian,scottsdale  az,we use a unique combination of data  analytics and technology to create right sized fraud solutions that allow our clients to make confident decisions for every   ,,
272,phoenix,data scientist intern,emailage,chandler  az,experience with data manipulation using tools  eg:  emailage is growing at an outstanding rate and we have an immediate opportunity for a skilled and   ,,
273,phoenix,sr  data scientist,honeywell,phoenix  az,the data scientist role will work closely with analytics solution managers  data engineers and application architects to integrate results into operational   ,,
275,phoenix,sr  data scientist   forecasting,honeywell,phoenix  az,senior data scientist   forecasting  as a senior data scientist – forecasting in the analytics center of excellence team  you will:    ,,
276,phoenix,statistician,petsmart,phoenix  az,evaluate data quality and extract transform load data for analytic and discovery projects  deep experience with data mining  data analytics  predictive modeling   ,,
277,phoenix,data scientist sr,apria healthcare,chandler  az,data scientist identifies business trends and problems through complex big data analysis  prepares big data  implements data models and develops database to   ,,
279,phoenix,associate,exponent,phoenix  az,our multidisciplinary team of scientists  engineers  physicians  and regulatory consultants brings together more than 90 different disciplines to solve   ,,
281,phoenix,industrial environmental officer,convergys,phoenix  az,maintaining databases for training and exposure measurement data  our multidisciplinary team of scientists  engineers  physicians  and regulatory consultants   ,,
282,phoenix,programmer analyst,boeing,mesa  az,skilled scientists and thinkers  experience querying data from oracle databases using sql  information technology vertical lift tech data systems seeks a highly   ,,
283,phoenix,market research analyst,rise services  inc ,phoenix  az,collects data on customer preferences and buying habits  analyzes data and recommends specific actions based on findings    ,,
284,phoenix,bioinfomatics analyst i,systems imagination,scottsdale  az,familiarity with next ‐generation sequence data analysis tools  statistical analysis  data integration and pathway network analysis are preferred skills    ,,
285,phoenix,instructor  sr  data scientist,galvanize,phoenix  az,join us in building the world's hub for education in data science and data engineering  we are growing our data science instructional team at galvanize    ,,
286,phoenix,statistician,matrix medical network,scottsdale  az,proven ability to proficiently data mine  required  experience with qualitative and quantitate data analysis and reporting  required    ,,
287,phoenix,lead data scientist,honeywell,phoenix  az,mentoring a team of data scientists in building predictive analytics algorithms for machine  component failure    ,,
288,phoenix,sr  engineer   big data,beyondsoft consulting corp ,tempe  az,he or she is responsible for moving large data sets from multiple sources and ingest this data into the grainger’s data science lab environment and ultimately   ,,
289,phoenix,lead instructor  principal data scientist,galvanize,phoenix  az,lead instructor  principal data scientist  join us in building the world's hub for education in data science and data engineering    ,,
290,phoenix,business intelligence developer,srp,phoenix  az,2  years of relevant experience in a visualization development  data science  business analytics  business intelligence or comparable data engineering role    ,,
291,phoenix,master data engineer,discover financial services,phoenix  az,provide support for deployed data applications and analytical models by being a trusted advisor to data scientists and other data consumers by identifying data   ,,
292,phoenix,pharmacy assistant,convergys,phoenix  az,experience and proficiency in prescription data order entry and medical terminology  our research analysts are trained social scientists with post graduate   ,,
293,denver,data scientist,partner's consulting  inc ,denver  co,we are looking for a data scientist that will help our client discover the information hidden in vast amounts of data  and help them make smarter decisions to   ,,
294,denver,sr  data scientist,charles schwab,lone tree  co,data scientist  you will have a unique opportunity to join a dynamic and innovative team that develops and maintains an infrastructure to support risk   ,,
295,denver,director  product development,altisource,denver  co,this person will also be leading a team of product owners and data scientist locally  creating a method of collaboration between the development work locally   ,,
297,denver,data science analyst,xentity corporation,denver  co,we are looking for data analysts  data wranglers  data scientists with excellent leadership  technical  and subject matter expertise qualities    ,,
298,denver,data science analyst  intern ,xentity corporation,golden  co,but you want to do it on actual interesting problems and be mentored by true data scientists  computer scientists  geospatial architects  agile project managers   ,,
300,denver,senior data analyst,backflip studios,boulder  co,this position reports to the director of data and is under the guidance of the lead data scientist  backflip studios  a mobile game developer and publisher   ,,
301,denver,public health assistant,convergys,denver  co,this position provides patient care treatments including discontinuing iv's and restraint monitoring  and collects patient data including vital signs  weights    ,,
302,denver,senior manager  data science,oracle,broomfield  co,team of data scientists  other data scientists as methodology is developed and deployed  you will be leading a team of highly qualified data scientists   ,,
304,denver,big data engineer,ibotta,denver  co,ability to work with data scientists and analysts  build  monitor  and maintain data etl pipelines  implement systems for tracking data quality and consistency    ,,
305,denver,senior data research scientist,pearson,centennial  co,data structures  data representation  data cleaning  data governance  and research database design\  we are looking for a highly motivated  collaborative data   ,,
306,denver,data scientist,predictive science,denver,this is a freelance data scientist position who will work with other senior data scientists to consult with executives and data scientists who are a part of the   ,,
307,denver,internship  summer  transportation data and advanced vehicle analysis,national renewable energy laboratory,golden  co,application of travel survey methods  statistical analysis  data expansion and quality control processes to individual and vehicle travel data    ,,
308,denver,quantitative analyst – credit   interest rate risk model risk,mountainview capital holdings,denver  co,2  years of experience using advanced quantitative analysis and applied statistical techniques in relevant asset liability categories  including regression    ,,
310,denver,principal data scientist,spotx,westminster  co,we are seeking a talented principal data scientist who can contribute brilliantly to our team  build machine learning or statistical models to discover   ,,
312,denver,sr  data scientist,oracle,boulder  co,experience presenting experimental findings to people who are not data scientists or ml experts  familiarity with data visualization tools    ,,
313,denver,data analyst,xentity corporation,denver  co,we are looking for data analysts  data wranglers  data scientists with excellent leadership  technical  and subject matter expertise qualities    ,,
314,denver,postdoctoral researcher   bioinformatics computational scientist,national renewable energy laboratory,golden  co,the successful candidate will work under minimal supervision to develop computational tools and bioinformatics pipelines with the goal of analyzing and   ,,
315,denver,9063 data analysis,reqroute inc,denver  co,good data warehousing concepts including meta data and data marts  strong experience in business and data analysis  data profiling  data migration  data   ,,
316,denver,ai scientist architect,growthiq,denver  co,my client is looking for an architect data scientist to help them build the next generation of products using the latest ai ml nlp techniques and trends    ,,
317,houston,sr  data scientist,invesco,houston  tx,data scientist to join a fast paced agile development team building the latest  theories in data science  experience with data visualization tools    ,,
318,houston,lead data scientist,invesco,houston  tx,lead data scientist  disruptive technologies  data scientist to spearhead development and innovation with our disruptive    ,,
319,houston,associate scientist,lasergen  inc ,houston  tx,additionally  the scientist prepares technical reports  summaries  protocols and quantitative analyses  additional responsibilities may include computer work    ,,
320,houston,data scientist   entry level,rolls royce,houston  tx,as an entry level data scientist at rolls royce digital  your key accountabilities will include:  the data scientist for rolls royce digital has the opportunity   ,,
321,houston,assoc statistical analyst,md anderson cancer center,houston  tx,assesses relevant literature as well as existing data and evaluates the quality of data used in reports    ,,
322,houston,ultimate hoops statistician,life time fitness,sugar land  tx,experience tracking statistical data for basketball games  life time is currently seeking a qualified ultimate hoops statistician    ,,
323,houston,scientist i ii analytical development #3,kbi biopharma,houston  tx,this individual may oversee the work of development associates  while working cooperatively with other scientists  staff and management    ,,
324,houston,research scientist,ut health science center at houston,houston  tx,evaluates the data from the analysis  where creating the best hope for a healthier future begins      ,,
325,houston,scientist,houston methodist,houston  tx,analyzes data and interprets data  functions as independent scientist and may be allocated space  resources  and other operational support within tmhri    ,,
326,houston,research scientist – precision medicine projects mutation annotation,md anderson cancer center,houston  tx,analyze and manipulate research data  maintain current and accurate records of research data  prepare and present data for publication or scientific meetings    ,,
327,houston,lead data scientist  retail pricing,grocers supply,houston  tx,as a lead data scientist   you will be deliver analytics and algorithms pertaining to driving sales and profitability through retail pricing    ,,
328,houston,quantitative analyst,direct energy,houston  tx,data management skills in a large enterprise data warehouse environment  5  years working within an enterprise data warehouse big data environment    ,,
329,houston,data scientist,predictive science,houston,this is a freelance data scientist position who will work with other senior data scientists to consult with executives and data scientists who are a part of the   ,,
330,houston,quality statistician,cyberonics,houston  tx,demonstrated expertise in a manufacturing environment providing expertise for statistical process control  spc  or standard control charts  design of   ,,
331,houston,quality statistician,cyberonics,houston  tx,demonstrated expertise in a manufacturing environment providing expertise for statistical process control  spc  or standard control charts  design of   ,,
332,houston,jets orbital debris scientist,utc aerospace systems,houston  tx,the orbital debris scientist will:  experience with the reduction and analysis of statistical data  experience analyzing optical and radar radio data sets and   ,,
333,houston,structuring quantitative analyst,just energy,houston  tx,structuring quantitative analyst    1700071  description structuring quantitative analyst location: houston  texas your opportunity: the structuring,,
334,houston,resistivity scientist   drilling services   houston tx,baker hughes,houston  tx,detailed data analysis on problem logs  testing and evaluation of data processing and analysis software packages    ,,
335,houston,research scientist   lcms,md anderson cancer center,houston  tx,and oversees data management and analysis procedures  including scheduling  prioritizing  data and report generating to ensure the    ,,
336,houston,community data analyst   statistician,harris county,pasadena  tx,coordinates the development  expansion and implementation of data updates and new data analysis  including relevant research of data sets and quality assurance    ,,
339,houston,research scientist   dr  kapil n  bhalla's laboratory,md anderson cancer center,houston  tx,compiles data sheets  utilizes institutional and departmental databases to perform data retrieval for analysis    ,,
340,houston,analytics project leader,honeywell,houston  tx,team and the hcp data scientists to deliver the process performance improvement  years of work experience of data processing including modelling  data mining     ,,
341,miami,data scientist,predictive science,miami,this is a freelance data scientist position who will work with other senior data scientists to consult with executives and data scientists who are a part of the   ,,
342,miami,senior director  analytics   research   predictive modeling,dw simpson global actuarial recruitment,miami,well known commercial personal p c group seeks acas fcas predictive modeler to direct project strategy for personal auto   you will work on statistical,,
343,miami,physician attending   physiatry pm r,miami children's hospital,miami  fl,the position is primarily a clinical position related to the diagnosis  treatment and clinical management of pediatric patients in a multidisciplinary   ,,
345,miami,analyst 1  advertising research,comcast,miramar  fl,and or syndicated data  scarborough  experian  polk  kantar  etc    identifies complex issues  conflicting data  client objections  industry trends  etc      ,,
346,miami,research scientist,noven pharmaceuticals,miami  fl,results  and compile the data in a timely manner  design and synthesize prodrugs for transdermal systems    ,,
347,miami,assistant scientist,university of miami,coral gables  fl,the cooperative institute for marine and atmospheric studies  cimas  of the university of miami invites applications for an assistant scientist position in the   ,,
348,miami,quantitative analyst,tradestation,plantation  fl,design and test new analysis concepts using time series data  fundamental data  macro economic data  and social media sentiment data    ,,
349,miami,predictive analytics and machine learning intern   undergrad internship,kaiser permanente,united states coast guard integrated support command  fl,proficiency in executing analysis using r  python  excel  weka  sas  java   knowledge of complex optimization algorithms such as aco  ant colony optimization    ,,
350,miami,associate statistician,assurant,miami  fl,manages data and data requests to improve the accuracy of our data and decisions made from data analysis  passionate about data analytics    ,,
351,miami,market research analyst,tracfone wireless,miami  fl,position highlights: recognized leader: rated #1 prepaid wireless provider in the u s  technology driven: opportunity to work with state of the art,,
352,miami,marketing data analyst,windhaven insurance,miami  fl,were looking to hire aspiring data scientists for our marketing department that fit our entrepreneurial data driven culture    ,,
353,miami,research analyst,nbcuniversal,hialeah  fl,master’s degree a plus  ideally in fields like data science or sociology  nbcuniversal is one of the world’s leading media and entertainment companies in the   ,,
354,miami,software developer data analyst scientist and engineer level 3 d with security clearance,bevilacqua research corp,florida,these tools support test planning  data management  and data analysis responsible for test data flow  data processes  and analysis products created by the crh   ,,
356,miami,data scientist manager,visa,miami  fl,data cleaning transformation â€“ this involve parsing and aggregating messy  incomplete  and unstructured data sources to produce data sets that can be used in   ,,
360,miami,program coordinator  the herbert wertheim college of medicine,florida international university,miami  fl,serves as outreach liaison for data analysis plan ensuring that the metrics requests of the program director are communicated to the data scientist    ,,
361,miami,environmental scientist   miami,wantman group,miami  fl,the environmental scientist will be responsible for assisting with technical support and permitting of transportation and land development projects    ,,
363,miami,post doctoral associate  asst  or assoc  scientist,university of miami,coral gables  fl,data  sex education attendance data  and intervention participation data  data sources include:  preparing data sets for analysis  assessing for systematicity   ,,
364,miami,data governance lead  enterprise integration ,magic leap  inc ,fort lauderdale  fl,this role will work collaboratively across the enterprise to achieve common taxonomy  data standards  data modeling  data quality  reference data  metadata   ,,
365,washington dc,data scientist,deloitte,arlington  va,gathering data from both information systems and personal interactions how you’ll grow at deloitte  our professional development plan focuses on helping people   ,,
366,washington dc,software engineer   defense   intelligence,elder research inc,arlington  va,youwill work closely with data scientists  business consultants  other softwareengineers  and the system users to create and deploy applications thathelp the   ,,
367,washington dc,data scientist   big data,the washington post,washington  dc,washington post is looking for passionate data scientists to join our big data analytics team  data scientist will utilize the data from the platform and design   ,,
368,washington dc,statistical data mining analyst cognos,convergys,washington  dc,data integration  data mapping  etl  1 5 year hands on experience logical data modeling  3nf   comprehensive knowledge of bill inmon's data modeling concepts   ,,
370,washington dc,data scientist  junior,booz allen hamilton,alexandria  va,data scientist  junior  perform as a data scientist with a focus on computer science to apply knowledge and expertise with distributed scalable big data store    ,,
371,washington dc,associate data scientist,american institutes for research,washington  dc,data scientists at air use a blend of technology skills and theory to contribute to cutting edge research design  implementation  and capacity building    ,,
372,washington dc,sr  data scientist,cava,washington  dc,3  years experience as a data scientist or data engineer a plus  data scientist to help implement our vision at our corporate headquarters in washington  dc    ,,
373,washington dc,healthcare data scientist  junior,booz allen hamilton,falls church  va,healthcare data scientist  junior  experience in the data science and analytics field  experience with processing unstructured data and text with text   ,,
374,washington dc,statistician,ukpeagvik iñupiat corporation bowhead family of co   ,washington  dc,  provide statistical support for sample design  data collection  weighting procedures  handling missing data  business intelligence  and data analytics    ,,
375,washington dc,product engineer   applied data science,esri,washington  dc,all work performed in this role is from the perspective of a customer user in the role of a data scientist working on national security challenges and problems    ,,
376,washington dc,ts sci polygraph sponsorship program  developers   cyber   data ,leidos,reston  va,demonstrated or academic experience with large data sets and technical data  experience compiling data  identify  exploit  collaborate  resolve complex issues    ,,
377,washington dc,data engineer,cava,washington  dc,you are knowledgeable about data modeling  data access  and data storage techniques  collaborate with other engineers  data scientists and stakeholders  taking   ,,
378,washington dc,sr  data analyst manager,capital one,mclean  va,data analyst manager  senior manager  data analytics  with a network of hundreds of data analysts  quants  and data scientists  challenging projects with an eye   ,,
379,washington dc,program analyst cbp ts,chenega corporation,washington  dc,and or public and assist customs and border protection with preparing draft policy and compiling data requested by cbp to communicate with congress    ,,
380,washington dc,statistician  secret clearance ,apogee integration  llc,arlington  va,minimum five  5  years of experience related to job position in osd or joint staff or similar strategic level corporate governmental analysis experience   ,,
381,washington dc,data sme,eagle ray inc,bolling afb  dc,demonstrated experience performing data assessment  data engineering  modeling and analytics to enable new methodologies for end user analysts  data scientists    ,,
382,washington dc,data and policy analyst   statistical programmer,acumen llc,washington  dc,data and policy analysts perform a wide array of functions as part of the research process  this position is responsible for managing and analyzing data    ,,
383,washington dc,research analyst,advantage sci,washington  dc,basic graphic design skills to present complex customer feedback data  the customer and pm    ,,
384,washington dc,intelligence analyst sme,the tauri group,alexandria  va,analyze data  develop information  and assess available solutions or alternative methods of proceeding  at the tauri group  you'll collaborate with an elite    ,,
385,washington dc,data flow lead,axiologic solutions,washington  dc,deliver dodiis and ic ite data services which increase data enrichment  improve access to dia data sources and support data analytics and data science    ,,
386,washington dc,data science intern,bae systems applied intelligence,mclean  va,the data scientist intern role will undertake a mix of technical challenges and business related problems to solve    ,,
387,washington dc,intelligence analyst – multiple levels,the tauri group,alexandria  va,prepares finished studies of factual data  maintains files of raw or abstracted data  selects  abstracts  or excerpts data from specific sources and compiles   ,,
388,washington dc,research scientist,abs consulting,arlington  va,strong understanding of data  at abs consulting  risk analysis is our foundation    ,,
389,washington dc,part time data science instructor,general assembly,washington  dc,data visualization techniques  data science instructor overview  manipulation of large data sets  you are eager to shape the skills  minds  and trajectories of   ,,
390,boulder,data scientist,partner's consulting  inc ,denver  co,we are looking for a data scientist that will help our client discover the information hidden in vast amounts of data  and help them make smarter decisions to   ,,
391,boulder,senior data research scientist,pearson,centennial  co,data structures  data representation  data cleaning  data governance  and research database design\  we are looking for a highly motivated  collaborative data   ,,
392,boulder,etl engineer,charis hammond,denver  co,define the overall bi data architecture  including etl processes  data marts  and data lakes  you will be working with data scientists and engineering teams in   ,,
393,boulder,senior data analyst,backflip studios,boulder  co,this position reports to the director of data and is under the guidance of the lead data scientist  backflip studios  a mobile game developer and publisher   ,,
394,boulder,associate data scientist,imm,boulder  co,are you data curious  generate clear and concise data visualizations  craft stories based on data that intertwine all facets of the client s and imm s business   ,,
395,boulder,sr  data scientist,oracle,boulder  co,experience presenting experimental findings to people who are not data scientists or ml experts  familiarity with data visualization tools    ,,
396,boulder,senior manager  data science,oracle,broomfield  co,team of data scientists  other data scientists as methodology is developed and deployed  you will be leading a team of highly qualified data scientists   ,,
397,boulder,data science analyst  intern ,xentity corporation,golden  co,but you want to do it on actual interesting problems and be mentored by true data scientists  computer scientists  geospatial architects  agile project managers   ,,
398,boulder,intern   clinical data management   analysis 2017 122,somalogic  inc ,boulder  co,help with data cleaning  assist in defining data dictionary  help with building out data management documents to ensure a standardized approach to clinical data   ,,
399,boulder,intern   clinical data management   analysis,somalogic  inc ,boulder  co,help with data cleaning  assist in defining data dictionary  help with building out data management documents to ensure a standardized approach to clinical data   ,,
400,boulder,market research analyst,e source,boulder  co,analyze data and identify key findings  experience with spss  qualtrics  powerpoint  and data visualization tools is preferred    ,,
401,boulder,software engineer programmer ii,ucar,boulder  co,and interact with users  scientists and data providers to build user centered products  integrate technology within complex data information systems    ,,
402,boulder,senior backend engineer  datarobot labs,datarobot,boulder  co,passion for algorithms and manipulating data  as a part of a small team that includes engineers and data scientists  you’ll be working on prototyping and then   ,,
403,boulder,director  product development,altisource,denver  co,this person will also be leading a team of product owners and data scientist locally  creating a method of collaboration between the development work locally   ,,
404,boulder,data scientist,predictive science,boulder,this is a freelance data scientist position who will work with other senior data scientists to consult with executives and data scientists who are a part of the   ,,
406,boulder,engineer associate space systems  660023 ,ball aerospace,boulder  co,our team of more than 3 000 engineers  scientists  technicians and support staff drives all the achievements at ball aerospace    ,,
407,boulder,scientist i,national center for atmospheric research,boulder  co,experience with airborne field deployment data and or instrumentation  interacting with scientists throughout eol  ncar  and the broader community    ,,
408,boulder,data science analyst,xentity corporation,denver  co,we are looking for data analysts  data wranglers  data scientists with excellent leadership  technical  and subject matter expertise qualities    ,,
410,boulder,pd scientist ii downstream,kbi biopharma,boulder  co,conceptualizes and proposes process development and manufacturing based on process data  executes process characterization  technology transfer to commercial   ,,
411,boulder,internship  summer  transportation data and advanced vehicle analysis,national renewable energy laboratory,golden  co,application of travel survey methods  statistical analysis  data expansion and quality control processes to individual and vehicle travel data    ,,
412,boulder,scientist software engineer  adx003 17 ,archerdx,boulder  co,demonstrated ability to create data visualizations  the commercial “scientist   software engineer” position is responsible for development of software   ,,
413,boulder,principal data scientist,spotx,westminster  co,we are seeking a talented principal data scientist who can contribute brilliantly to our team  build machine learning or statistical models to discover   ,,
414,boulder,public health assistant,convergys,denver  co,this position provides patient care treatments including discontinuing iv's and restraint monitoring  and collects patient data including vital signs  weights    ,,
4,new york,research data analyst   bureau of veterinary and pest control services,dept of health mental hygiene,manhattan  ny, create visualizations and presentations summarizing program data   use arcgis to display program data and create maps    ,62693.0,year
7,new york,data analyst modeler,department of finance,manhattan  ny,strong programming  data analysis  statistical sampling or data mining experience  develop modeling and data mining techniques    ,75557.5,year
12,new york,predictive analytics  machine learning ,kennedy unlimited inc  professional staffing,new york  ny,salary 130k to 140k we are assisting our client  an innovative new high growth leader  are you looking for more responsibility  more challenge  leadership,135000.0,year
22,new york,bioinformatics analyst,envisagenics  inc ,new york  ny,to work with envisagenics data engineers and bioinformatics scientists to develop  maintain and analyze the company’s proprietary database    ,60000.0,year
24,new york,senior data engineer,enterprise select,new york  ny,ensure data pipeline provides clean organized  aggregated data into databases for use by data scientists  understanding of data structures and algorithms    ,140000.0,year
43,chicago,quantitative analyst,huxley banking   financial services,chicago  il,provide enhanced analysis on large risk based data sets ran on python  a worldwide leader in the banking industry is looking to hire a quantitative analyst to   ,150000.0,year
45,chicago,data engineer,enodo score,chicago  il,must be knowledgeable about data modeling  data access  and data storage techniques  data pipeline process management  including the organization and   ,80000.0,year
52,san francisco,scientist   associate scientist  bioinformatics,translational bioscience inc ,san francisco bay area  ca,the candidate will work with a team of scientists and research associates to provide data analysis support and develop novel algorithms and tools to process   ,78500.0,year
70,san francisco,predictive analytics  machine learning ,kennedy unlimited inc  professional staffing,san francisco  ca,salary 130k to 140k we are assisting our client  an innovative new high growth leader  are you looking for more responsibility  more challenge  leadership,135000.0,year
93,austin,senior research scientist  principal investigator level ,gibson   an education consulting   research group,austin  tx,provide statistical consulting to clients regarding the appropriate use of existing data  we are a small research team based in austin  texas that is made up of   ,130000.0,year
112,seattle,sr  data analyst   machine learning,fiveby,redmond  wa,advanced data analytics:  5  years of experience in advanced data analytics  mathematical modeling  operations research  quantitative analysis or data modelling   ,100000.0,year
137,los angeles,database marketing statistician,viking cruises,woodland hills  ca,successful candidate must be able to apply best practices in data preparation and data cleansing from source data  create predictive and descriptive derived   ,120000.0,year
204,dallas,need software developers   programmers in it technologies,advansys inc,dallas  tx,good working knowledge of java or data bases such as sql  plsql  preferred  or net framework and netor c# are preferred    ,85000.0,year
222,pittsburgh,machine learning scientist,cameron craig group,pittsburgh  pa,experience with distributed data processing and big data analysis  collaborate with physicians  software engineers  and data scientists to identify needs    ,137500.0,year
249,portland,senior institutional research analyst,portland state university,portland  or,reporting to the director  the position is responsible for extracting  analyzing  modeling  and reporting data from both institutional and external data bases    ,77000.0,year
252,portland,predictive analytics  machine learning ,kennedy unlimited inc  professional staffing,portland  or,salary 130k to 140k we are assisting our client  an innovative new high growth leader  are you looking for more responsibility  more challenge  leadership,135000.0,year
254,portland,assistant staff scientist,oregon health   science university,portland  or,assistant staff scientists  genomic data analysis experience  experience with chip sequencing and rna sequencing experiments and data analysis visualization    ,61000.0,year
266,portland,post doctoral scholar,oregon health   science university,portland  or,experience with data management  we are seeking a highly motivated and experienced postdoctoral scientist with interest in immune therapies for hematological   ,47484.0,year
274,phoenix,predictive analytics  machine learning ,kennedy unlimited inc  professional staffing,phoenix  az,salary 130k to 140k we are assisting our client  an innovative new high growth leader  are you looking for more responsibility  more challenge  leadership,135000.0,year
278,phoenix,data architect,career evolutions,phoenix  az,good understanding of data governance and data security challenges  as member of the cio office  you will ensure that the corporate data platform fulfills the   ,150000.0,year
303,denver,senior research analyst  portals,denver public schools,denver  co,facilitate data loading and validation of district data into portals  work frequently includes writing queries to pull data  overseeing loading  validation  and   ,69673.0,year
337,houston,software engineer,arundo analytics inc ,houston  tx,interface with data scientists  customers  and other stakeholders to capture and or refine requirements and understanding of needs    ,87500.0,year
338,houston,web ui developer,arundo analytics inc ,houston  tx,interface with data scientists  customers  and other stakeholders to capture and or refine requirements and understanding of needs    ,92500.0,year
344,miami,research analyst,university of miami,coral gables  fl,the university of miami is considered among the top tier institutions of higher education in the u s  for its academic excellence  superior medical care  and,46000.0,year
358,miami,sr  research analyst   pre award grants,university of miami,coral gables  fl,the university of miami is considered among the top tier institutions of higher education in the u s  for its academic excellence  superior medical care  and,56000.0,year
359,miami,senior research analyst  statistical analysis ,university of miami,coral gables  fl,additional duties include creation of data collection and entry methods for multiple studies as well as performing quality control on the data as it is   ,48000.0,year
362,miami,machine learning engineer,cti consulting,miami  fl,data mining experience  experience applying machine learning techniques to noisy  uncertain and or dynamic data sets    ,120000.0,year
369,washington dc,data analysis manager,office of the state superintendent of education,washington  dc,demonstrated skills in data management and data architecture  incumbent will oversee a staff of data management specialists that are responsible for managing   ,119590.5,year
92,austin,research associate   geodetic measurements and estimation scientist,university of texas at austin,austin  tx,one or more years experience developing geodetic instrument designs  methods of geodetic data collections  data reduction processes    ,97494.0,month
296,denver,statistical analyst ii,state of colorado job opportunities,denver  co,under general supervision  analyze diverse data for workforce trends including benefit utilization claims data and enrollment data    ,65934.0,month
299,denver,executive director of accountability   data analysis,state of colorado job opportunities,denver  co,experience managing data systems  accountability measures  and reporting  demonstrated commitment to using data to improve student outcomes    ,120504.0,month
405,boulder,statistical analyst ii,state of colorado job opportunities,denver  co,under general supervision  analyze diverse data for workforce trends including benefit utilization claims data and enrollment data    ,65934.0,month
409,boulder,executive director of accountability   data analysis,state of colorado job opportunities,denver  co,experience managing data systems  accountability measures  and reporting  demonstrated commitment to using data to improve student outcomes    ,120504.0,month
29,chicago,data analysis,global channel management  inc ,chicago  il,data analysis to:  data analysis for eagle platform support  configure and customize the eagle data mart and eagle olap advanced reports  and integrate custom   ,156000.0,hour
86,austin,senior big data spark engineer,global ecommerce company,austin  tx,big data developer:  working in collaboration with my client's team of backend engineers  data engineers and data scientists you will help to deliver a best in   ,161200.0,hour
138,los angeles,bi lingual  korean  public record research and operations analyst,veritable screening,culver city  ca,company overview veritable screening is a background check company  we help companies and business owners ensure the quality of their employees and,29120.0,hour
246,portland,ai content subject matter expert,tech mahindra,hillsboro  or,create technical content to support software developers and data scientists solutions using optimized frameworks  caffe\   theano\   torch\   tensoeflow\     ,110240.0,hour
255,portland,data management specialist 2,pacific states marine fisheries commission,portland  or,compile project data into standardized electronic data formats  data sources vary in format including database  spreadsheet  and survey data sets    ,55411.2,hour
271,phoenix,sas data scientist,amarx search  inc ,tempe  az,amarx com sas data manipulation  data mining  machine learning techniques  query languages  nosql  excellent understanding of sas data manipulation and sas data   ,95680.0,hour
280,phoenix,library information specialist,arizona state university,tempe  az,other duties may include image processing  database maintenance  data entry  data product inventory  the school of earth and space exploration integrates   ,27996.8,hour
309,denver,multimodal planning branch internship  data analysis focus ,state of colorado job opportunities,denver  co,maintaining excel or access datasets  including querying  organizing data  reporting data  etc  performing basic data analysis of economic  demographic  and   ,36774.4,hour
311,denver,research associate  data analysis,officeteam,denver  co,in this position you will be performing data entry  database management  compare and compile data and analysis    ,41600.0,hour
355,miami,analytical research development scientist,staffing resource group,miami  fl,compare data to specifications and sops  a pharmaceutical company in miami  fl is looking for some with analytical research development experience for a long term contract   ,49920.0,hour
357,miami,analytical research development associate scientist,staffing resource group,miami  fl,analytical research development associate scientist   make detailed observations  analyze data  and interpret results  this is a contract to hire opportunity  m f  8am 5pm    ,52000.0,hour
